{
    "LogisticRegression": {
        "accuracy": 0.7837837837837838,
        "precision": 0.7564102564102564,
        "recall": 0.9833333333333333,
        "f1_score": 0.855072463768116
    },
    "RandomForest": {
        "accuracy": 0.7621621621621621,
        "precision": 0.7638888888888888,
        "recall": 0.9166666666666666,
        "f1_score": 0.8333333333333334
    }
}